{
    "clients": {
        "total": 100,
        "per_round": 10,
        "label_distribution": "uniform",
        "do_test": false,
        "test_partition": 0.2,
        "selection": "random"
    },
    "data": {
        "loading": "dynamic",
        "partition": {
            "size": 600,
            "range": [
                50,
                200
            ]
        },
        "IID": false,
        "bias": {
            "primary": 0.8,
            "secondary": false
        }
    },
    "federated_learning": {
        "rounds": 100,
        "target_accuracy": 0.95,
        "task": "train",
        "epochs": 5,
        "batch_size": 100
    },
    "model": "MNIST",
    "paths": {
        "data": "./data",
        "model": "./models",
        "reports": "reports.pkl"
    },
    "server": "sync",
    "async": {
        "alpha": 0.9,
        "staleness_func": "polynomial"
    },
    "link_speed": {
        "min": 200,
        "max": 5000,
        "std": 100
    }
}
